id,name
951,Mini French Toast Bagel 12 Count
952,"Mini Plain Bagel 12 Count, 15 oz"
953,"Everything Bagel 6 Pack, 1 lb"
954,Lemon Poppyseed Muffin 4 Count
955,"Gluten Free Muffin Mix, 16 oz"
956,"Blueberry Fiber Cake, 12 oz"
957,Blueberry Muffin 4 Count
958,"Ezekiel 4:9 Cinnamon Raisin English Muffin, 16 oz"
959,"FlapJacked Mighty Muffin Blueberry Microwavable Muffin Cup - Gluten-Free, 1.94 oz"
960,"Muffins Original, 8.8 oz"
961,Franz Extra Crisp English Muffins - 13oz/6ct
962,"Blueberry Doughnut Muffins, 9 oz"
963,"100% Whole Wheat Honey Bagelettes 12pk, 18 oz"
964,"Lemon Streusel Muffins, 12 oz"
965,"Bagels, Everything (6 Bagels), 18 oz"
966,"Sprouted Onion Poppyseed Bagels, 20 oz"
967,"Hostess Unicorn Cupcakes, 13 oz Box, 8 Count"
968,Garden Lites Veggies Made Great Frozen Double Chocolate Muffins - 12oz/6ct
969,"Gluten Free Bagels Deli White, 14 ounce"
970,Blueberry Mini Muffins - 11.9oz/12ct - Favorite Day™
971,Franz Vegan 100% Whole Wheat English Muffins - 14oz/6ct
972,Canyon Bakehouse Gluten Free White Bagels - 14oz/4ct
973,"Gluten Free Bagels Deli White, 14 oz"
974,"Marketside Cranberry-Orange Muffins, 14 oz, 4 Count"
975,"Organic Spelt English Muffins, 12 oz"
976,"Organic Rockin' Grains English Muffins 6ct, 13.2 oz"
977,Glutino Gluten Free Original English Muffins 6 Count
978,Rudi's Organic White English Muffins - 12oz
979,Blueberry Streusel Muffins - 4ct/14oz - Favorite Day™
980,Canyon Bakehouse Gluten Free English Muffins - 14oz
981,Krusteaz® Banana Nut Muffin Mix 15.4 oz. Box
982,"Gluten Free Plain Bagels, 14 oz"
983,"Marketside Cinnamon Coffee Cake Muffins, 14 oz, 4 Count"
984,Dave's Killer Bread Epic Everything Organic Bagels - 16.75oz
985,Rudi's Organic Whole Grain Wheat English Muffins - 12oz
986,Thomas King Size English Muffins - 12oz
987,Thomas' Cinnamon Raisin English Muffins - 13oz/6ct
988,"Soft & Chewy Everything Bagels, 13.9 oz"
989,Oroweat Organic Everything Bagels -16oz/5ct
990,"Marketside Triple Chocolate Muffins, 14 oz, 4 Count"
991,Thomas' Whole Wheat English Muffins - 12oz/6ct
992,Thomas' Cinnamon Raisin Mini Bagels - 18oz
993,"Preservative-free Sesame Bagels 6pk, 18 oz"
994,"Betty Crocker Wild Blueberry Muffin and Quick Bread Mix, 16.9 oz"
995,Thomas' Blueberry Bagels - 20oz/6ct
996,"Kodiak Cakes Muffin Unleashed, Blueberry Muffin in a Cup, 2.29 Oz"
997,Sara Lee Everything Bagels - 20oz/6ct
998,Simple Mills Gluten Free Banana Muffin & Bread Almond Flour Baking Mix - 9oz
999,"Duncan Hines Mug Cakes Blueberry Flavored Muffin Mix, 4 Pouches"
1000,"Duncan Hines Simple Mornings Blueberry Streusel Muffin Mix, 20.5 Oz"